<!-- [ Mirror metadata ] generatedAt: 1479976397811 -->
<!-- Generated screen file. Fill the id tags below with content with
which to populate your previewed layout. For a complete specification
of sample data, please see http://jimulabs.com/sample-data-specifications/ 

Valid attributes on <screen> tag: theme="@style/someTheme" inEditMode="false" overlay="@drawable/mockup" -->
<screen>
    <_content layout="@layout/activity_detail">
        <!-- TextView Examples:
        <tvJudul text="@string/string_resource" />
        <tvJudul text="Text literal" textSize="14sp" /> -->
        <tvJudul />
        <tvKode />
        <tvJumlahDokumen />
        <tvPublisher />
        <tvPublishDate />
        <tvIdJenis />
        <tvIdKat />
        <tvRequested />
        <tvDeskripsi />
    </_content>
</screen>
