<!-- [ Mirror metadata ] generatedAt: 1479976397800 -->
<!-- Generated screen file. Fill the id tags below with content with
which to populate your previewed layout. For a complete specification
of sample data, please see http://jimulabs.com/sample-data-specifications/ 

Valid attributes on <screen> tag: theme="@style/someTheme" inEditMode="false" overlay="@drawable/mockup" -->
<screen>
    <_content layout="@layout/activity_profile">
        <!-- ImageView Examples:
        <img_profile src="@drawable/image_resource" />
        <img_profile src="relative_path/image.jpg" /> -->
        <img_profile />
        <!-- TextView Examples:
        <tv_name text="@string/string_resource" />
        <tv_name text="Text literal" textSize="14sp" /> -->
        <tv_name />
        <tv_alamat />
        <tv_kota />
        <tv_memberid />
        <tv_email />
    </_content>
</screen>
